Model,Station,PT,NT,PF,NF,N,Accuracy(%)
DiTingMotion,AS1,1356,41,20,67,1484,94.14
DiTingMotion,AS2,390,133,131,84,738,70.87
DiTingMotion,CC1,2029,179,75,290,2573,85.81
DiTingMotion,EC1,533,184,148,76,941,76.2
DiTingMotion,EC2,759,436,135,134,1464,81.63
DiTingMotion,EC3,298,176,196,46,716,66.2
DiTingMotion,ID1,320,30,37,26,413,84.75
DiTingMotion,ALL (pooled),5685,1179,742,723,8329,82.41
CFM,AS1,2077,311,32,41,2461,97.03
CFM,AS2,855,835,223,174,2087,80.98
CFM,CC1,2664,388,40,43,3135,97.35
CFM,EC1,983,1712,172,186,3053,88.27
CFM,EC2,1013,1517,111,263,2904,87.12
CFM,EC3,483,1526,251,163,2423,82.91
CFM,ID1,534,259,110,162,1065,74.46
CFM,ALL (pooled),8609,6548,939,1032,17128,88.49
EQPolarity,AS1,2070,305,38,48,2461,96.51
EQPolarity,AS2,906,752,306,123,2087,79.44
EQPolarity,CC1,2649,385,43,58,3135,96.78
EQPolarity,EC1,984,1674,210,185,3053,87.06
EQPolarity,EC2,1004,1494,134,272,2904,86.02
EQPolarity,EC3,480,1538,239,166,2423,83.29
EQPolarity,ID1,555,248,121,141,1065,75.4
EQPolarity,ALL (pooled),8648,6396,1091,993,17128,87.83
PolarCAP,AS1,2066,299,44,52,2461,96.1
PolarCAP,AS2,868,798,260,161,2087,79.83
PolarCAP,CC1,2661,388,40,46,3135,97.26
PolarCAP,EC1,988,1691,193,181,3053,87.75
PolarCAP,EC2,1010,1498,130,266,2904,86.36
PolarCAP,EC3,486,1498,279,160,2423,81.88
PolarCAP,ID1,554,249,120,142,1065,75.4
PolarCAP,ALL (pooled),8633,6421,1066,1008,17128,87.89
