Negative,0.58996665
Undecided,0.9971886
Positive,0.7966343
Positive,0.7997046
Undecided,0.8253987
Undecided,0.9165469
Undecided,0.98980415
Undecided,0.99642736
Undecided,0.99824667
Negative,
Negative,
Negative,
Negative,
Undecided,0.9591532
Negative,
Negative,
Undecided,0.79463357
Undecided,0.8600038
Undecided,0.82867426
Undecided,0.9063414
Undecided,0.9820967
Undecided,0.80395323
Positive,0.4587882
Negative,0.5069094
Undecided,0.749858
Negative,
Negative,
Negative,0.96843463
Undecided,0.96501833
Undecided,0.9983346
Undecided,0.64974827
Undecided,0.99495465
Undecided,0.98942137
Undecided,0.9636182
Undecided,0.839696
Positive,0.7771325
Positive,0.7506
Undecided,0.9430236
Undecided,0.9874148
Negative,
Undecided,0.999928
Negative,0.9934056
Negative,0.96620286
Positive,0.9251142
Undecided,0.91996604
Negative,0.98977166
Negative,0.89413756
Undecided,0.4719441
Negative,
Undecided,0.9956618
Undecided,0.92690295
Undecided,0.9447335
Undecided,0.8841513
Undecided,0.95501494
Negative,
Undecided,0.9650019
Negative,0.91751075
Undecided,0.9749042
Undecided,0.9998154
Undecided,0.9998293
Undecided,0.99736637
Undecided,0.7793646
Negative,0.6174456
Undecided,0.84343714
Negative,
Negative,0.4637798
Undecided,0.7697881
Undecided,0.99976104
Negative,
Undecided,0.99091935
Undecided,0.9280147
Negative,
Negative,
Undecided,0.9996859
Undecided,0.6173414
Undecided,0.9984365
Undecided,0.9998964
Undecided,0.84179497
Undecided,0.94247776
Positive,0.9283226
Undecided,0.6837035
Undecided,0.9365764
Undecided,0.7214419
Undecided,0.9909388
Undecided,0.88860595
Undecided,0.97986037
Undecided,0.99997735
Positive,0.9019874
Undecided,0.9186082
Undecided,0.9543136
Negative,0.7129387
Positive,0.86275065
Undecided,0.9423658
Undecided,0.92049855
Negative,
Undecided,0.53661025
Negative,0.51322895
Undecided,0.87638736
Negative,
Undecided,0.9693155
Negative,0.6025466
Undecided,0.692812
Undecided,0.9999825
Undecided,0.85710233
Negative,0.6871405
Undecided,0.9997003
Undecided,0.9996451
Undecided,0.74718547
Negative,
Positive,0.9982728
Positive,0.8138604
Positive,0.73783034
Undecided,0.9601363
Negative,0.9945807
Undecided,0.57290226
Negative,
Undecided,0.5943399
Undecided,0.9980254
Undecided,0.94393575
Undecided,0.6984611
Undecided,0.92865825
Undecided,0.7889995
Undecided,0.7004306
Undecided,0.7232262
Negative,
Undecided,0.79334563
Undecided,0.95683324
Undecided,0.9830403
Undecided,0.8933398
Undecided,0.9974189
Undecided,0.9141488
Undecided,0.9948487
Undecided,0.65740377
Positive,0.99696535
Undecided,0.871833
Undecided,0.48414683
Undecided,0.5164245
Undecided,0.8793547
Undecided,0.9891952
Undecided,0.9995449
Negative,
Negative,0.8030863
Negative,
Undecided,0.9999114
Undecided,0.9993962
Undecided,0.8977121
Undecided,0.54614323
Undecided,0.85297245
Positive,0.9932961
Positive,0.579375
Undecided,0.89280486
Negative,
Undecided,0.9973418
Positive,0.97841245
Undecided,0.9842269
Negative,0.98866177
Undecided,0.6134534
Undecided,0.70449203
Undecided,0.95506227
Negative,0.97381014
Positive,0.5385091
Undecided,0.5227262
Undecided,0.93599135
Undecided,0.94481605
Undecided,0.9774498
Undecided,0.87411684
Undecided,0.98427874
Undecided,0.7866423
Undecided,0.7906698
Undecided,0.97504276
Negative,
Undecided,0.9336457
Undecided,0.54096633
Negative,0.929604
Undecided,0.9994029
Undecided,0.8836394
Positive,0.78436774
Positive,0.78931206
Positive,0.67569745
Undecided,0.9980386
Undecided,0.9938471
Negative,0.94370216
Positive,0.97614187
Undecided,0.9817156
Negative,0.90890825
Undecided,0.83669925
Undecided,0.9951793
Negative,0.7404512
Undecided,0.98220026
Undecided,0.9059464
Undecided,0.973512
Undecided,0.9999455
Undecided,0.8531157
Undecided,0.9008155
Positive,0.8672235
Undecided,0.9720691
Undecided,0.7803018
Undecided,0.9999198
Positive,0.61902463
Undecided,0.99066913
Undecided,0.6624774
Undecided,0.7218124
Negative,0.965021
Undecided,0.972407
Undecided,0.65597135
Undecided,0.9998605
Positive,0.9993895
Undecided,0.99108654
Positive,0.9243847
Undecided,0.8879805
Undecided,0.8107132
Positive,0.78075707
Positive,0.94389826
Undecided,0.5810773
Undecided,0.9058572
Positive,0.9498266
Positive,0.9874112
Positive,0.9876466
Undecided,0.99947995
Positive,0.8288158
Undecided,0.9817742
Positive,0.99926287
Undecided,0.81663924
Undecided,0.64198947
Negative,0.61620456
Undecided,0.99470264
Positive,0.96978676
Undecided,0.99994993
Undecided,0.98299974
Undecided,0.67018837
Undecided,0.66825885
Negative,0.8844411
Negative,0.860828
Undecided,0.96384597
Undecided,0.9983229
Negative,
Undecided,0.68056184
Negative,
Undecided,0.99858177
Undecided,0.99951935
Undecided,0.9982888
Undecided,0.9967258
Undecided,0.96186274
Undecided,0.9978453
Undecided,0.95738006
Undecided,0.9998827
Undecided,0.99874556
Undecided,0.99874216
Negative,
Positive,0.9422366
Undecided,0.9411336
Negative,
Undecided,0.98754627
Positive,0.7433521
Undecided,0.9945229
Positive,0.8846365
Undecided,0.9297566
Undecided,0.49915773
Undecided,0.95433885
Undecided,0.9883585
Undecided,0.90110546
Undecided,0.9954585
Positive,0.9933164
Negative,0.70145875
Positive,0.8325036
Undecided,0.77909625
Undecided,0.9671743
Undecided,0.99809104
Positive,0.7937136
Undecided,0.978962
Undecided,0.9159789
Positive,0.9879959
Positive,0.9521545
Undecided,0.47288632
Undecided,0.99999845
Undecided,0.6767925
Positive,0.9798719
Undecided,0.99652654
Undecided,0.9995646
Positive,0.54246294
Undecided,0.88215446
Undecided,0.59894145
Undecided,0.5995057
Undecided,0.96844816
Undecided,0.9946057
Positive,0.5503119
Undecided,0.863694
Undecided,0.859653
Undecided,0.9973788
Undecided,0.94864136
Negative,0.47166806
Undecided,0.8223615
Positive,0.9225893
Positive,0.99484575
Negative,0.9415739
Undecided,0.50011396
Positive,0.5089224
Undecided,0.8054234
Negative,0.9029692
Negative,0.97457176
Undecided,0.62453717
Undecided,0.9934388
Undecided,0.9993698
Positive,0.99463284
Positive,0.5602818
Undecided,0.89203835
Undecided,0.9995011
Negative,
Undecided,0.92659736
Undecided,0.8827824
Negative,0.80828017
Positive,0.52056015
Undecided,0.9985915
Positive,0.95503837
Positive,0.9403512
Negative,0.9981419
Undecided,0.7016227
Undecided,0.9917787
Undecided,0.9998765
Undecided,0.9770215
Undecided,0.9658594
Undecided,0.98764384
Negative,0.7069543
Undecided,0.6114864
Undecided,0.9999871
Positive,0.7098686
Undecided,0.8100049
Undecided,0.97431326
Negative,0.95676345
Undecided,0.7486742
Undecided,0.9919933
Negative,
Undecided,0.9999995
Undecided,0.9454541
Undecided,0.6363667
Undecided,0.8259545
Negative,0.84613085
Negative,0.951437
Negative,0.77922595
Undecided,0.89148337
Negative,0.99033666
Undecided,0.8395715
Negative,0.9990741
Positive,0.89530617
Undecided,0.92290264
Undecided,0.9972753
Negative,0.58094275
Undecided,0.99973553
Undecided,0.9532197
Undecided,0.91777456
Undecided,0.99872774
Undecided,0.8520502
Negative,0.9855193
Undecided,0.8034626
Negative,0.98748857
Undecided,0.45183754
Negative,0.81908476
Negative,0.9917768
Undecided,0.99911076
Negative,0.99831426
Negative,0.6743863
Undecided,0.67571175
Undecided,0.9994499
Undecided,0.86188996
Negative,0.9825554
Positive,0.92179376
Negative,
Undecided,0.71140367
Negative,
Undecided,0.90531707
Negative,0.9698424
Undecided,0.99691606
Undecided,0.96631235
Positive,0.8828268
Positive,0.7324306
Undecided,0.85328597
Positive,0.6019181
Negative,0.709168
Positive,0.99742305
Undecided,0.5213744
Undecided,0.9976163
Undecided,0.99976367
Undecided,0.99718434
Undecided,0.6695756
Undecided,0.9247762
Undecided,0.8154811
Undecided,0.99931216
Undecided,0.99551433
Undecided,0.7951576
Undecided,0.995008
Positive,0.94968605
Undecided,0.9997199
Positive,0.9592779
Undecided,0.98253286
Undecided,0.99686855
Negative,0.9930581
Positive,0.98934656
Undecided,0.9001623
Undecided,0.5707855
Negative,0.4835009
Undecided,0.9557929
Negative,0.9339647
Positive,0.86301714
Positive,0.44325453
Undecided,0.98318464
Undecided,0.6310074
Negative,
Negative,0.49474272
Positive,0.9743028
Undecided,0.9615038
Negative,0.6032498
Positive,0.6086666
Undecided,0.83452934
Undecided,0.99993527
Negative,0.92830884
Undecided,0.58092237
Positive,0.8002989
Negative,0.8175349
Undecided,0.7581903
Undecided,0.9709632
Undecided,0.74677664
Undecided,0.99954396
Negative,0.9985846
Positive,0.78003126
Undecided,0.9972474
Undecided,0.9998332
Undecided,0.87539613
Undecided,0.99213445
Negative,0.8365251
Undecided,0.8818201
Undecided,0.987768
Positive,0.9811684
Undecided,0.99857664
Undecided,0.96142256
Undecided,0.9865587
Undecided,0.7544269
Undecided,0.9998367
Negative,0.46010834
Negative,0.5478097
Undecided,0.98469895
Negative,0.4233333
Undecided,0.9997081
Undecided,0.874837
Undecided,0.83619666
Positive,0.9949352
Undecided,0.9897289
Undecided,0.8864992
Undecided,0.9949955
Undecided,0.9961796
Negative,0.9764323
Negative,0.9859476
Negative,0.6188416
Undecided,0.99856347
Undecided,0.99814916
Undecided,0.9867399
Undecided,0.6320761
Undecided,0.96970546
Positive,0.96886986
Undecided,0.9576243
Negative,0.5692141
Undecided,0.9330597
Undecided,0.9998467
Undecided,0.9997075
Undecided,0.9838027
Undecided,0.9737935
Undecided,0.9936098
Undecided,0.98171794
Undecided,0.9998305
Undecided,0.8964409
Undecided,0.5455726
Positive,0.9805777
Negative,0.54860413
Undecided,0.98294824
Positive,0.95669204
Undecided,0.98219806
Undecided,0.9924637
Undecided,0.8302105
Negative,0.8024745
Negative,0.9900011
Undecided,0.985129
Negative,0.5839717
Negative,
Negative,0.714388
Negative,
Positive,0.99838316
Undecided,0.9963696
Negative,
Positive,0.9888763
Positive,0.54901665
Undecided,0.7771582
Undecided,0.8350258
Undecided,0.8812712
Undecided,0.9978684
Undecided,0.9958262
Positive,0.96572375
Undecided,0.6762838
Negative,0.6035271
Undecided,0.9898094
Undecided,0.46851838
Undecided,0.98701
Undecided,0.85738295
Undecided,0.78623956
Positive,0.49706346
Negative,0.8634463
Undecided,0.9993394
Undecided,0.77299213
Undecided,0.96755433
Undecided,0.9984499
Negative,0.839407
Undecided,0.9937593
Negative,0.55949783
Undecided,0.94120824
Undecided,0.847319
Negative,0.9769181
Positive,0.6498362
Undecided,0.8666314
Undecided,0.9693899
Undecided,0.997145
Undecided,0.7056949
Undecided,0.9808312
Negative,0.7850963
Undecided,0.5539231
Negative,0.996911
Undecided,0.5472146
Undecided,0.81921864
Undecided,0.5923366
Undecided,0.4871191
Undecided,0.9671245
Negative,0.66912615
Negative,
Negative,0.52279407
Undecided,0.46889308
Positive,0.62423605
Positive,0.8180482
Undecided,0.8491429
Undecided,0.9927428
Undecided,0.9952915
Undecided,0.55825543
Positive,0.4516089
Negative,0.92071867
Positive,0.9142147
Undecided,0.99975866
Undecided,0.95104545
Undecided,0.99883765
Negative,
Undecided,0.99307317
Positive,0.8965365
Negative,0.5809548
Negative,0.8808403
Undecided,0.89446896
Undecided,0.88842475
Undecided,0.9988022
Undecided,0.95700616
Undecided,0.9997334
Undecided,0.99929965
Positive,0.8569332
Undecided,0.5819433
Undecided,0.88880646
Undecided,0.99680614
Undecided,0.99987304
Positive,0.9987847
Undecided,0.6132816
Positive,0.62256926
Undecided,0.96138984
Undecided,0.9739864
Undecided,0.9918012
Negative,0.9850878
Negative,0.9927604
Undecided,0.89784896
Negative,0.54833895
Positive,0.93986607
Undecided,0.9946431
Positive,0.7773605
Positive,0.9848459
Undecided,0.6438545
Undecided,0.99971074
Negative,0.84009093
Undecided,0.99149126
Undecided,0.95718175
Negative,
Undecided,0.6537246
Undecided,0.97846234
Positive,0.9961816
Undecided,0.98753697
Undecided,0.5433684
Positive,0.50020975
Undecided,0.9994942
Undecided,0.92621124
Undecided,0.9765637
Undecided,0.98344123
Undecided,0.9552195
Undecided,0.9727087
Positive,0.9988895
Undecided,0.9984426
Undecided,0.991812
Positive,0.99670607
Positive,0.99673104
Undecided,0.99901533
Negative,0.97740334
Undecided,0.9963032
Positive,0.6876704
Negative,
Undecided,0.70353496
Undecided,0.86605877
Negative,0.552145
Undecided,0.99917287
Positive,0.9336528
Undecided,0.9726089
Undecided,0.58001834
Negative,0.57469374
Undecided,0.9016998
Negative,0.5004836
Undecided,0.83372587
Negative,0.68226004
Undecided,0.9370931
Undecided,0.8420786
Undecided,0.80565804
Undecided,0.98435855
Undecided,0.84555644
Undecided,0.56416327
Undecided,0.97847056
Positive,0.99582964
Undecided,0.98773694
Undecided,0.9970264
Negative,0.60084754
Positive,0.90167946
Undecided,0.9339454
Positive,0.99425733
Undecided,0.8963941
Undecided,0.9985649
Undecided,0.90434504
Positive,0.903049
Negative,
Undecided,0.98508877
Negative,
Undecided,0.9463045
Negative,
Positive,0.81010205
Positive,0.78268135
Positive,0.99305254
Undecided,0.9211415
Undecided,0.71010166
Undecided,0.92148036
Negative,0.9953235
Positive,0.8041273
Negative,
Positive,0.86175954
Positive,0.86428547
Negative,0.5349671
Negative,
Undecided,0.9995413
Negative,
Positive,0.8084287
Undecided,0.98288256
Positive,0.9970457
Undecided,0.98262846
Undecided,0.98982716
Undecided,0.9534084
Negative,
Undecided,0.99342984
Negative,
Undecided,0.6312279
Undecided,0.65831274
Undecided,0.98940873
Negative,
Undecided,0.99882513
Undecided,0.9613052
Undecided,0.9834722
Negative,
Undecided,0.9979348
Positive,0.9059634
Positive,0.7969426
Undecided,0.84682953
Undecided,0.9892574
Positive,0.77523553
Positive,0.80706364
Undecided,0.9193788
Positive,0.9589236
Undecided,0.99994993
Undecided,0.9584517
Undecided,0.6775434
Negative,0.9790547
Undecided,0.8374349
Undecided,0.7535625
Undecided,0.910791
Undecided,0.9865339
Undecided,0.55399746
Undecided,0.7043827
Undecided,0.928917
Negative,0.9408057
Positive,0.9739787
Undecided,0.9262813
Undecided,0.99905485
Undecided,0.997251
Positive,0.8613446
Negative,
Undecided,0.99664307
Positive,0.89505726
Undecided,0.6102942
Undecided,0.889786
Undecided,0.9993187
Undecided,0.9916996
Undecided,0.9828472
Undecided,0.965867
Positive,0.87361324
Positive,0.7467065
Undecided,0.9916768
Undecided,0.9474262
Undecided,0.998533
Positive,0.675854
Negative,0.77908576
Negative,0.90621054
Negative,
Undecided,0.99859995
Undecided,0.8705018
Undecided,0.99780685
Negative,0.9830708
Negative,0.7556513
Undecided,0.971627
Negative,0.83316296
Positive,0.96532136
Positive,0.45931205
Undecided,0.9987722
Positive,0.9928058
Positive,0.9985078
Negative,
Undecided,0.9466974
Undecided,0.99995315
Undecided,0.8352986
Undecided,0.82107437
Undecided,0.94678223
Undecided,0.98106635
Undecided,0.99854577
Undecided,0.99989104
Undecided,0.9999776
Undecided,0.7831568
Undecided,0.9798315
Undecided,0.9999771
Undecided,0.91484797
Undecided,0.99813676
Undecided,0.89821273
Negative,0.50494105
Positive,0.88227534
Undecided,0.8472088
Undecided,0.97637355
Undecided,0.60285586
Undecided,0.9802044
Undecided,0.5800515
Undecided,0.6661439
Undecided,0.50073755
Positive,0.7341002
Negative,0.8983698
Undecided,0.5918115
Positive,0.6639328
Undecided,0.9984792
Undecided,0.67221993
Positive,0.90517396
Undecided,0.7160543
Undecided,0.98676676
Undecided,0.5915234
Undecided,0.97807604
Undecided,0.970691
Negative,
Positive,0.9785767
Negative,0.81046563
Undecided,0.4318409
Positive,0.97657686
Undecided,0.96390045
Undecided,0.999577
Undecided,0.99724317
Negative,0.90854865
Positive,0.48101002
Undecided,0.9825523
Negative,0.7040869
Undecided,0.90861577
Undecided,0.98738074
Negative,0.95794505
Positive,0.81868505
Positive,0.771669
Negative,0.7494411
Undecided,0.99018717
Undecided,0.59211457
Positive,0.5299786
Undecided,0.66750646
Undecided,0.9922156
Undecided,0.97944427
Negative,0.8066773
Undecided,0.99983156
Undecided,0.8960891
Undecided,0.99474925
Undecided,0.9877127
Undecided,0.97896326
Undecided,0.9992311
Undecided,0.8858589
Undecided,0.96967196
Undecided,0.99997795
Undecided,0.99515873
Undecided,0.6180685
Negative,0.6477243
Undecided,0.8171623
Undecided,0.9997533
Undecided,0.9953733
Negative,
Undecided,0.97939473
Positive,0.7875518
Negative,0.9805213
Undecided,0.9687279
Negative,0.5555761
Undecided,0.87234145
Negative,0.8848947
Undecided,0.638709
Positive,0.7218785
Undecided,0.9963392
Positive,0.9935468
Undecided,0.42236662
Positive,0.9198603
Undecided,0.98317045
Undecided,0.8431661
Undecided,0.94106287
Negative,0.80118054
Undecided,0.69991523
Undecided,0.91491205
Undecided,0.8334761
Undecided,0.9979463
Undecided,0.8343686
Negative,
Negative,0.618464
Undecided,0.8223938
Undecided,0.9449145
Undecided,0.9687825
Undecided,0.97063816
Undecided,0.99452424
Undecided,0.99331856
Positive,0.87551093
Positive,0.484373
Negative,0.82651246
Positive,0.747101
Undecided,0.99828464
Undecided,0.9984339
Negative,0.54464686
Undecided,0.98793286
Undecided,0.9817245
Undecided,0.99994576
Undecided,0.99994016
Undecided,0.9928463
Undecided,0.5078048
Undecided,0.8151755
Negative,0.8640071
Undecided,0.9993074
Undecided,0.5160981
Negative,0.9409235
Undecided,0.73077077
Negative,0.99251044
Negative,0.7496743
Undecided,0.9890893
Undecided,0.9928651
Positive,0.99209857
Undecided,0.8931569
Positive,0.9208819
Negative,
Positive,0.5663944
Undecided,0.99994767
Negative,0.78097993
Positive,0.98978734
Positive,0.99506927
Undecided,0.59142554
Undecided,0.9574619
Undecided,0.9852003
Undecided,0.918307
Negative,0.9842578
Undecided,0.90401226
Undecided,0.7206256
Negative,0.9868973
Negative,0.42114928
Negative,0.5038896
Undecided,0.99551964
Positive,0.92875636
Positive,0.6978121
Negative,0.51864433
Negative,0.83820516
Undecided,0.75822157
Undecided,0.9219254
Undecided,0.97153455
Undecided,0.9883415
Negative,
Negative,
Undecided,0.9678009
Undecided,0.90599954
Positive,0.7733349
Positive,0.584541
Undecided,0.96800786
Undecided,0.4363772
Undecided,0.97662973
Negative,0.9294202
Undecided,0.9759831
Undecided,0.9937023
Positive,0.89820415
Positive,0.8825163
Negative,
Undecided,0.9984572
Undecided,0.9881095
Negative,0.7709246
Negative,0.56356835
Undecided,0.9478208
Undecided,0.917649
Undecided,0.66343105
Undecided,0.9834315
Undecided,0.54375094
Undecided,0.79054826
Positive,0.9806055
Undecided,0.7009679
Undecided,0.98847324
Undecided,0.7282788
Undecided,0.92747265
Undecided,0.9999105
Positive,0.6472076
Undecided,0.99413645
Undecided,0.98229194
Negative,0.8271903
Positive,0.85930234
Undecided,0.9777509
Negative,0.98691213
Undecided,0.67982006
Negative,0.6550245
Negative,0.97646695
Negative,0.9972504
Positive,0.8324377
Negative,0.83535665
Undecided,0.5413173
Undecided,0.72307485
Undecided,0.99834335
Positive,0.74992806
Undecided,0.5251205
Undecided,0.98534125
Negative,
Undecided,0.98017853
Negative,0.8309596
Positive,0.98799556
Positive,0.50651306
Undecided,0.75308883
Negative,0.97233015
Negative,0.7650762
Positive,0.8428543
Negative,0.9903329
Undecided,0.95084864
Negative,0.6461546
Undecided,0.9770935
Undecided,0.8739806
Undecided,0.9999778
Negative,0.5874228
Undecided,0.75680435
Undecided,0.94677955
Undecided,0.99472094
Undecided,0.9999665
Undecided,0.777194
Undecided,0.9889338
Undecided,0.9995491
Negative,0.8164792
Undecided,0.62220013
Positive,0.5704379
Undecided,0.98705417
Positive,0.75480366
Undecided,0.8930734
Undecided,0.9844603
Undecided,0.9502612
Undecided,0.9606884
Undecided,0.9986272
Undecided,0.9686076
Undecided,0.99547195
Undecided,0.9535667
Undecided,0.5527683
Undecided,0.82360303
Undecided,0.98227274
Negative,
Negative,0.5859341
Negative,0.79518896
Undecided,0.7303236
Undecided,0.9499348
Undecided,0.9465377
Undecided,0.94664514
Undecided,0.8723731
Negative,0.98314685
Undecided,0.7020119
Undecided,0.99734265
Undecided,0.99348736
Undecided,0.8791552
Undecided,0.6280715
Undecided,0.8143564
Undecided,0.75982463
Positive,0.95642245
Positive,0.57091606
Positive,0.4007644
Undecided,0.9983808
Undecided,0.9374024
Undecided,0.8987726
Undecided,0.9160255
Positive,0.9984017
Positive,0.9404939
Undecided,0.9695174
Undecided,0.97752666
