Undecided,0.90253156
Undecided,0.98057026
Undecided,0.98880565
Undecided,0.99949855
Undecided,0.99123985
Undecided,0.9958698
Undecided,0.9999923
Undecided,0.9999961
Undecided,0.9908782
Undecided,0.99998206
Undecided,0.79910487
Undecided,0.5372355
Undecided,0.9828114
Undecided,0.94369125
Undecided,0.99992937
Undecided,0.999835
Undecided,0.99962074
Positive,0.5292518
Undecided,0.7876375
Undecided,0.7919847
Undecided,0.99730164
Undecided,0.99438787
Undecided,0.9996413
Positive,0.77335805
Undecided,0.98641056
Undecided,0.94614726
Positive,0.8989323
Undecided,0.9939339
Positive,0.98262125
Undecided,0.9980578
Undecided,0.99838847
Undecided,0.7911362
Undecided,0.957669
Undecided,0.8697034
Undecided,0.95386314
Undecided,0.95067096
Undecided,0.96606094
Positive,0.7400382
Undecided,0.92465365
Undecided,0.8987907
Positive,0.76676536
Undecided,0.999988
Undecided,0.99673134
Undecided,0.9900502
Undecided,0.998778
Undecided,0.9992147
Undecided,0.9742674
Undecided,0.9989278
Undecided,0.76388264
Undecided,0.90458614
